Date,Close,High,Low,Open,Volume,Target,MA_7,MA_14,Daily_Return,Volatility
2023-11-03,219.9600067138672,226.3699951171875,218.39999389648438,221.14999389648438,119534800,219.27000427246094,207.91285705566406,216.14571489606584,0.006635907937775798,0.039240862231300355
2023-11-06,219.27000427246094,226.32000732421875,215.0,223.97999572753906,117335800,222.17999267578125,209.84285845075334,213.60428619384766,-0.0031369449915676917,0.03910762314575813
2023-11-07,222.17999267578125,223.1199951171875,215.72000122070312,219.97999572753906,116900100,222.11000061035156,211.96857125418526,212.14000047956193,0.013271256198382764,0.037954946977440326
2023-11-08,222.11000061035156,224.14999389648438,217.63999938964844,223.14999389648438,106584800,209.97999572753906,215.50428553989954,212.28285762241907,-0.00031502415940676265,0.02842337584634878
2023-11-09,209.97999572753906,220.8000030517578,206.67999267578125,219.75,142110500,214.64999389648438,216.80999973842077,212.13928549630302,-0.054612601186257326,0.030556247653698746
2023-11-10,214.64999389648438,215.3800048828125,205.69000244140625,210.02999877929688,130994000,223.7100067138672,218.0942840576172,212.32285635811942,0.022240205086035525,0.031143664529346894
2023-11-13,223.7100067138672,225.39999389648438,211.61000061035156,215.60000610351562,140447600,237.41000366210938,218.83714294433594,212.83642796107702,0.04220830689495392,0.03265688116115839
2023-11-14,237.41000366210938,238.13999938964844,230.72000122070312,235.02999877929688,149771600,242.83999633789062,221.32999965122767,214.62142835344588,0.06123998273248876,0.035455931678946506
2023-11-15,242.83999633789062,246.6999969482422,236.4499969482422,239.2899932861328,150354000,233.58999633789062,224.69714137486048,217.26999991280692,0.022871793909364557,0.033677728268444285
2023-11-16,233.58999633789062,240.8800048828125,230.9600067138672,239.49000549316406,136816800,234.3000030517578,226.32714189801897,219.14785657610213,-0.038090924639652135,0.03629389160861321
2023-11-17,234.3000030517578,237.38999938964844,226.5399932861328,232.0,142532800,235.60000610351562,228.06857081821985,221.7864281790597,0.0030395424675642158,0.03247804614703432
2023-11-20,235.60000610351562,237.10000610351562,231.02000427246094,234.0399932861328,116320100,241.1999969482422,231.72857230050224,224.2692860194615,0.005548455120893081,0.03250084258145934
2023-11-21,241.1999969482422,243.6199951171875,233.33999633789062,235.0399932861328,122288000,234.2100067138672,235.52142987932478,226.807856968471,0.023769060694616817,0.03249433900034187
2023-11-22,234.2100067138672,244.00999450683594,231.39999389648438,242.0399932861328,117950600,235.4499969482422,237.02142987932478,227.92928641183036,-0.028980059381488954,0.030695543682796176
2023-11-24,235.4499969482422,238.75,232.3300018310547,233.75,65125200,236.0800018310547,236.7414289202009,229.03571428571428,0.00529435207219775,0.030693503963562435
2023-11-27,236.0800018310547,238.3300018310547,232.10000610351562,236.88999938964844,112031800,246.72000122070312,235.77571541922433,230.2364283970424,0.0026757481035388775,0.030609644388085874
2023-11-28,246.72000122070312,247.0,234.00999450683594,236.67999267578125,148549900,244.13999938964844,237.65143040248327,231.9892861502511,0.04506946504203557,0.032343262390419895
2023-11-29,244.13999938964844,252.75,242.75999450683594,249.2100067138672,135401300,240.0800018310547,239.05714416503906,233.56285749162947,-0.010457205813430348,0.03265583594232295
2023-11-30,240.0800018310547,245.22000122070312,236.91000366210938,245.13999938964844,132353200,238.8300018310547,239.6971435546875,235.71285792759485,-0.016629792613843564,0.028422289845722128
2023-12-01,238.8300018310547,240.19000244140625,231.89999389648438,233.13999938964844,121331700,235.5800018310547,239.35857282366072,237.44000135149275,-0.005206597761023168,0.028458560715993023
2023-12-04,235.5800018310547,239.3699951171875,233.2899932861328,235.75,104099800,238.72000122070312,239.55428641183036,238.28785814557756,-0.01360800559009756,0.0271824863352788
2023-12-05,238.72000122070312,246.66000366210938,233.6999969482422,233.8699951171875,137971100,239.3699951171875,240.02142987932478,238.38142939976282,0.013328802806870987,0.021936716111809213
2023-12-06,239.3699951171875,246.57000732421875,239.1699981689453,242.9199981689453,126436200,242.63999938964844,240.4914289202009,238.1335721697126,0.002722829646282676,0.021005448465319192
2023-12-07,242.63999938964844,244.0800018310547,236.97999572753906,241.5500030517578,107142300,243.83999633789062,239.90857151576452,238.7800009591239,0.01366087788429815,0.018325210629095732
2023-12-08,243.83999633789062,245.27000427246094,239.27000427246094,240.27000427246094,103126800,239.74000549316406,239.86571393694197,239.46142905099052,0.0049455858525417895,0.018333618479694676
2023-12-11,239.74000549316406,243.44000244140625,237.4499969482422,242.74000549316406,97913900,237.00999450683594,239.817143031529,239.75714329310827,-0.01681426716823431,0.019055378112171596
2023-12-12,237.00999450683594,238.99000549316406,233.8699951171875,238.5500030517578,95328300,239.2899932861328,239.55714198521204,239.4578574044364,-0.011387381846063915,0.01817883963918595
2023-12-13,239.2899932861328,240.3000030517578,228.1999969482422,234.19000244140625,146286300,251.0500030517578,240.08714076450892,239.82071358816964,0.009619842336358264,0.016471947570207767
2023-12-14,251.0500030517578,253.8800048828125,240.7899932861328,241.22000122070312,160829200,253.5,241.84856959751673,240.93499973842077,0.04914543063053567,0.02081362980777393
2023-12-15,253.5,254.1300048828125,248.3000030517578,251.2100067138672,135932800,252.0800018310547,243.8671417236328,242.17928532191686,0.009758999874367902,0.020844340999224616
2023-12-18,252.0800018310547,258.739990234375,251.36000061035156,253.77999877929688,116416500,257.2200012207031,245.21571350097656,242.56214250837053,-0.005601570686174839,0.017545085154616342
2023-12-19,257.2200012207031,258.3399963378906,253.00999450683594,253.47999572753906,106737400,247.13999938964844,247.12714276994978,243.49642835344588,0.0203903496997484,0.017838534918251114
2023-12-20,247.13999938964844,259.8399963378906,247.0,256.4100036621094,125097000,254.5,248.18428475516183,244.00071389334542,-0.03918825045959673,0.02063354896149232
2023-12-21,254.5,254.8000030517578,248.5500030517578,251.89999389648438,109594200,252.5399932861328,250.682856968471,245.1199994768415,0.029780693649462897,0.021747205811256266
2023-12-22,252.5399932861328,258.2200012207031,251.3699951171875,256.760009765625,93370100,256.6099853515625,252.57571411132812,246.33142743791853,-0.007701401626197146,0.021418085907469065
2023-12-26,256.6099853515625,257.9700012207031,252.91000366210938,254.49000549316406,86892400,261.44000244140625,253.36999729701452,247.60928344726562,0.01611622781987765,0.02151231203447565
2023-12-27,261.44000244140625,263.3399963378906,257.5199890136719,258.3500061035156,106494400,253.17999267578125,254.50428336007255,249.18571254185267,0.018822405072142834,0.021787370655602507
2023-12-28,253.17999267578125,265.1300048828125,252.7100067138672,263.6600036621094,113619900,248.47999572753906,254.6614249093192,249.93856920514787,-0.03159428430420175,0.023903833157515028
2023-12-29,248.47999572753906,255.19000244140625,247.42999267578125,255.10000610351562,100891600,248.4199981689453,253.41285269601005,250.2699977329799,-0.018563856087399966,0.024595597614215543
2024-01-02,248.4199981689453,251.25,244.41000366210938,250.0800018310547,104654200,238.4499969482422,253.59570966448103,250.88999720982142,-0.0002414583049958896,0.024032102202002668
2024-01-03,238.4499969482422,245.67999267578125,236.32000732421875,244.97999572753906,121082600,237.92999267578125,251.3028520856585,250.99285452706474,-0.04013364984377277,0.026445410234121444
2024-01-04,237.92999267578125,242.6999969482422,237.72999572753906,239.25,102629300,237.49000549316406,249.21570914132255,250.89571162632532,-0.0021807686270334248,0.02632902684098107
2024-01-05,237.49000549316406,240.1199951171875,234.89999389648438,236.86000061035156,92488900,240.4499969482422,246.48428344726562,249.92714037214006,-0.001849229589212631,0.022197629197071668
2024-01-08,240.4499969482422,241.25,235.3000030517578,236.13999938964844,85166600,234.9600067138672,243.48571123395647,248.99499729701452,0.012463646412957496,0.022335375506851222
2024-01-09,234.9600067138672,238.9600067138672,232.0399932861328,238.11000061035156,96705700,233.94000244140625,240.88285609654017,247.7721405029297,-0.02283214932024613,0.022924997115239275
2024-01-10,233.94000244140625,235.5,231.2899932861328,235.10000610351562,91628500,227.22000122070312,238.8057141985212,246.10928344726562,-0.004341182513256769,0.021760787104158304
2024-01-11,227.22000122070312,230.92999267578125,225.3699951171875,230.57000732421875,105873600,218.88999938964844,235.77714320591517,244.68642643519811,-0.028725319101363445,0.020707115564957156
2024-01-12,218.88999938964844,225.33999633789062,217.14999389648438,220.0800018310547,123043800,219.91000366210938,232.98285784040178,242.14285496303015,-0.036660513098772496,0.019508093205917346
2024-01-16,219.91000366210938,223.49000549316406,212.17999267578125,215.10000610351562,115355000,215.5500030517578,230.4085736955915,239.81214141845703,0.004659894354722027,0.019921334395432148
2024-01-17,215.5500030517578,215.6699981689453,212.00999450683594,214.86000061035156,103164400,211.8800048828125,227.2742876325335,236.87928553989954,-0.019826295019533036,0.018619181420562233
2024-01-18,211.8800048828125,217.4499969482422,208.74000549316406,216.8800048828125,108595400,212.19000244140625,223.19286019461495,233.33928571428572,-0.017026203279914,0.016349148835110083
2024-01-19,212.19000244140625,213.19000244140625,207.55999755859375,209.99000549316406,102260300,208.8000030517578,219.94000244140625,230.41142926897322,0.0014630807600990448,0.01611871272470747
2024-01-22,208.8000030517578,217.8000030517578,206.27000427246094,212.25999450683594,117952500,209.13999938964844,216.34857395717077,227.577144077846,-0.015976244642273096,0.016057486993160053
2024-01-23,209.13999938964844,215.64999389648438,207.75,211.3000030517578,106605900,207.8300018310547,213.76571655273438,224.77142987932478,0.0016283349277841364,0.016172228112732088
2024-01-24,207.8300018310547,212.72999572753906,206.77000427246094,211.8800048828125,123369900,182.6300048828125,212.1857169015067,222.58428737095423,-0.006263735117226887,0.014049257866636484
2024-01-25,182.6300048828125,193.0,180.05999755859375,189.6999969482422,198076800,183.25,206.86000279017858,218.63428824288505,-0.12125293136804816,0.03275365127536395
2024-01-26,183.25,186.77999877929688,182.10000610351562,185.5,107343200,190.92999267578125,202.24571663992745,214.76000213623047,0.0033948152034783963,0.03298397064767246
2024-01-29,190.92999267578125,191.47999572753906,183.6699981689453,185.6300048828125,125013100,191.58999633789062,199.2528577532087,211.22285897391183,0.04190991910385411,0.03587489007981678
2024-01-30,191.58999633789062,196.36000061035156,190.61000061035156,195.3300018310547,109982300,187.2899932861328,196.30999973842077,208.1250010899135,0.0034567835721344142,0.03615993617832832
2024-01-31,187.2899932861328,193.97000122070312,185.85000610351562,187.0,103221400,188.86000061035156,193.23714120047433,204.79285757882255,-0.02244377647032403,0.036118332307271794
2024-02-01,188.86000061035156,189.8800048828125,184.27999877929688,188.5,91843300,187.91000366210938,190.33999851771765,202.052857535226,0.008382761388752824,0.03640346973500504
2024-02-02,187.91000366210938,188.69000244140625,182.0,185.0399932861328,110612700,181.05999755859375,187.4942844935826,199.84000069754464,-0.0050301649114266045,0.03576241512978362
2024-02-05,181.05999755859375,184.67999267578125,175.00999450683594,184.25999450683594,134294400,185.10000610351562,187.2699977329799,197.06500026157923,-0.03645365318513305,0.03613364924644123
2024-02-06,185.10000610351562,186.49000549316406,177.11000061035156,177.2100067138672,122676000,187.5800018310547,187.53428431919642,194.89000047956193,0.0223130928940527,0.03727153052035825
2024-02-07,187.5800018310547,189.7899932861328,182.67999267578125,188.17999267578125,111535200,189.55999755859375,187.0557141985212,193.15428597586495,0.01339813963135228,0.03772308827059677
2024-02-08,189.55999755859375,191.6199951171875,185.5800018310547,189.0,83034000,193.57000732421875,186.76571437290735,191.53785705566406,0.010555473441792307,0.037975270150509104
2024-02-09,193.57000732421875,194.1199951171875,189.47999572753906,190.17999267578125,84476300,188.1300048828125,187.66285923549108,190.4500002179827,0.021154303741671487,0.03861489264351399
2024-02-12,188.1300048828125,194.72999572753906,187.27999877929688,192.11000061035156,95498600,184.02000427246094,187.55857413155692,188.94928632463728,-0.028103539988478476,0.039057451400908105
2024-02-13,184.02000427246094,187.25999450683594,182.11000061035156,183.99000549316406,86759500,188.7100067138672,187.00285993303572,187.24857221330916,-0.021846598116614713,0.03926297005877768
2024-02-14,188.7100067138672,188.88999938964844,183.35000610351562,185.3000030517578,81203000,200.4499969482422,188.09571838378906,187.68285805838448,0.025486372853585015,0.02281625162566261
2024-02-15,200.4499969482422,200.8800048828125,188.86000061035156,189.16000366210938,120831800,199.9499969482422,190.28857421875,188.91142926897322,0.06221180550417671,0.027839222228981456
2024-02-16,199.9499969482422,203.1699981689453,197.39999389648438,202.05999755859375,111346700,193.75999450683594,192.05571637834822,189.5557152884347,-0.0024943876658132247,0.02599823071633084
2024-02-20,193.75999450683594,198.60000610351562,189.1300048828125,196.1300048828125,104545800,194.77000427246094,192.6557159423828,189.7107151576451,-0.030957752117438453,0.02759228155602693
2024-02-21,194.77000427246094,199.44000244140625,191.9499969482422,193.36000061035156,103500300,197.41000366210938,192.827144077846,190.24500165666853,0.00521268473502845,0.026749927523659643
2024-02-22,197.41000366210938,198.32000732421875,191.36000061035156,194.0,92739500,191.97000122070312,194.1528581891741,190.85571616036552,0.013554445406056326,0.026863505260352822
2024-02-23,191.97000122070312,197.57000732421875,191.5,195.30999755859375,78841900,199.39999389648438,195.28857203892298,191.14571598597936,-0.027556873210526134,0.02806166651027528
2024-02-26,199.39999389648438,201.77999877929688,192.0,192.2899932861328,111747100,199.72999572753906,196.81571306501115,192.4557157244001,0.03870392576202142,0.027341643521186516
2024-02-27,199.72999572753906,205.60000610351562,198.25999450683594,204.0399932861328,108645400,202.0399932861328,196.71285574776786,193.50071498325892,0.0016549741281637331,0.027022302517668503
2024-02-28,202.0399932861328,205.3000030517578,198.44000244140625,200.4199981689453,99806200,201.8800048828125,197.0114266531808,194.53357151576452,0.01156560160219966,0.026986996819159333
2024-02-29,201.8800048828125,205.27999877929688,198.4499969482422,204.17999267578125,85907000,202.63999938964844,198.17142813546317,195.41357203892298,-0.0007918650199801869,0.026998826437532385
2024-03-01,202.63999938964844,204.52000427246094,198.5,200.52000427246094,82243100,188.13999938964844,199.29571315220423,196.0614286150251,0.003764585340074067,0.02658753068790685
2024-03-04,188.13999938964844,199.75,186.72000122070312,198.72999572753906,134334900,180.74000549316406,197.97142682756697,196.06214250837053,-0.07155546804023882,0.03246068273044614
2024-03-05,180.74000549316406,184.58999633789062,177.57000732421875,183.0500030517578,119660800,176.5399932861328,196.3671417236328,195.8278568812779,-0.03933237971984138,0.03369927445928962
2024-03-06,176.5399932861328,181.5800018310547,173.6999969482422,179.99000549316406,107920900,178.64999389648438,193.10142735072546,194.9585702078683,-0.02323786698783792,0.03329457927462902
2024-03-07,178.64999389648438,180.0399932861328,173.6999969482422,174.35000610351562,102129000,175.33999633789062,190.08999851771765,193.40142713274275,0.011951969472048907,0.027842290161745473
2024-03-08,175.33999633789062,182.72999572753906,174.6999969482422,181.5,85544600,177.77000427246094,186.27571323939733,191.64356994628906,-0.018527834714126334,0.027935855017722784
2024-03-11,177.77000427246094,182.8699951171875,174.8000030517578,175.4499969482422,85391500,177.5399932861328,182.83142743791853,190.50142778669084,0.013858834181150304,0.027789599593257688
2024-03-12,177.5399932861328,179.42999267578125,172.41000366210938,177.77000427246094,87391700,169.47999572753906,179.24571228027344,189.27071271623885,-0.0012938683737420131,0.027645889967038942
2024-03-13,169.47999572753906,176.0500030517578,169.14999389648438,173.0500030517578,106524500,162.5,176.57999747140067,187.2757121494838,-0.04539820808488959,0.028863251245935344
2024-03-14,162.5,171.1699981689453,160.50999450683594,167.77000427246094,126325700,163.57000732421875,173.97428240094865,185.17071206229073,-0.04118477639544138,0.02970244182982809
2024-03-15,163.57000732421875,165.17999267578125,160.75999450683594,163.16000366210938,97146800,173.8000030517578,172.12142726353235,182.6114273071289,0.006584660456730784,0.026613170306302263
2024-03-18,173.8000030517578,174.72000122070312,165.89999389648438,170.02000427246094,108214400,171.32000732421875,171.42857142857142,180.75928497314453,0.06254200201423088,0.03342142144595008
2024-03-19,171.32000732421875,172.82000732421875,167.4199981689453,172.36000061035156,77271400,175.66000366210938,170.85428728376115,178.56500026157923,-0.014269250195585559,0.032886027068499156
2024-03-20,175.66000366210938,176.25,170.82000732421875,173.0,83846700,172.82000732421875,170.55285862513952,176.692143031529,0.025332688257929448,0.034235915212536196
2024-03-21,172.82000732421875,178.17999267578125,171.8000030517578,176.38999938964844,73178000,170.8300018310547,169.87857491629464,174.56214359828405,-0.016167575308454918,0.034063025616401316
2024-03-22,170.8300018310547,171.1999969482422,166.3000030517578,166.69000244140625,75580600,172.6300048828125,170.0714329310826,173.32571520124162,-0.01151490226146512,0.029261744620874497
2024-03-25,172.6300048828125,175.24000549316406,168.72999572753906,168.75999450683594,74228600,177.6699981689453,171.5185764857701,172.74642944335938,0.010536808713131895,0.027960753250219007
2024-03-26,177.6699981689453,184.25,177.3800048828125,178.5800018310547,113186200,179.8300018310547,173.5328608921596,172.827144077846,0.029195349264770964,0.028534674813918078
2024-03-27,179.8300018310547,181.91000366210938,176.0,181.41000366210938,81804000,175.7899932861328,174.39428928920202,172.91143035888672,0.012157391142962881,0.02854088495018611
2024-03-28,175.7899932861328,179.57000732421875,175.3000030517578,177.4499969482422,77654800,175.22000122070312,175.0328587123326,172.94357299804688,-0.022465709302040393,0.02876503524210964
2024-04-01,175.22000122070312,176.75,170.2100067138672,176.1699981689453,81562100,166.6300048828125,174.97000122070312,172.7614299229213,-0.003242460249155976,0.028519148536020673
2024-04-02,166.6300048828125,167.69000244140625,163.42999267578125,164.75,116650600,168.3800048828125,174.0857151576451,171.98214503696985,-0.049024062767074494,0.03131693283096122
2024-04-03,168.3800048828125,168.82000732421875,163.27999877929688,164.02000427246094,82950100,171.11000061035156,173.73571559361048,171.90357426234655,0.01050231020055925,0.029128872131243377
2024-04-04,171.11000061035156,177.19000244140625,168.00999450683594,170.07000732421875,123162000,164.89999389648438,173.51857212611608,172.51857430594308,0.016213301154368365,0.026847274636032824
2024-04-05,164.89999389648438,170.86000061035156,160.50999450683594,169.0800018310547,143157600,172.97999572753906,171.6942858014788,172.6135733468192,-0.036292482565110196,0.028900235399413263
2024-04-08,172.97999572753906,174.5,167.7899932861328,169.33999633789062,104423300,176.8800048828125,170.71571350097656,172.55500139508928,0.04899940648952894,0.02683334753803834
2024-04-09,176.8800048828125,179.22000122070312,171.9199981689453,172.91000366210938,102951700,171.75999450683594,170.87142944335938,172.952144077846,0.02254601255405486,0.027129995630551944
2024-04-10,171.75999450683594,174.92999267578125,170.00999450683594,173.0399932861328,84532400,174.60000610351562,170.37714276994978,172.67357199532645,-0.028946236061948905,0.027511311906485477
2024-04-11,174.60000610351562,175.8800048828125,168.50999450683594,172.5500030517578,94516000,171.0500030517578,171.51571437290735,172.80071476527624,0.01653476762638495,0.027535610636319315
2024-04-12,171.0500030517578,173.80999755859375,170.36000061035156,172.33999633789062,64722700,161.47999572753906,171.8971426827567,172.8164291381836,-0.020332204625772565,0.027943797942248882
2024-04-15,161.47999572753906,170.69000244140625,161.3800048828125,170.24000549316406,100245300,157.11000061035156,170.52142769949776,172.01999991280692,-0.05594859487563397,0.03151950319048675
2024-04-16,157.11000061035156,158.19000244140625,153.75,156.74000549316406,97000000,155.4499969482422,169.40857151576452,170.55142865862166,-0.027062145360474688,0.03049100506477507
2024-04-17,155.4499969482422,158.3300018310547,153.77999877929688,157.63999938964844,82439700,149.92999267578125,166.90428597586495,168.80999973842077,-0.010565868854054306,0.02991699259711678
2024-04-18,149.92999267578125,152.1999969482422,148.6999969482422,151.25,96098800,147.0500030517578,163.05428423200334,166.96285683768136,-0.03550983840996058,0.03053403549123073
2024-04-19,147.0500030517578,150.94000244140625,146.22000122070312,148.97000122070312,87074500,142.0500030517578,159.52428545270647,164.95071411132812,-0.0192088959161848,0.030525553405845222
2024-04-22,142.0500030517578,144.44000244140625,138.8000030517578,140.55999755859375,107097600,144.67999267578125,154.87428501674108,163.19499969482422,-0.03400203941675628,0.029366274563834723
2024-04-23,144.67999267578125,147.25999450683594,141.11000061035156,143.3300018310547,124545100,162.1300048828125,151.10714067731584,161.50214168003626,0.018514534090260826,0.02988957423278353
2024-04-24,162.1300048828125,167.97000122070312,157.50999450683594,162.83999633789062,181178000,170.17999267578125,151.1999991280692,160.8607134137835,0.12061109407252757,0.04581159014408262
2024-04-25,170.17999267578125,170.8800048828125,158.36000061035156,158.9600067138672,126427500,168.2899932861328,153.06714085170202,161.23785618373327,0.04965143743002587,0.04674224680012628
2024-04-26,168.2899932861328,172.1199951171875,166.3699951171875,168.85000610351562,109815700,194.0500030517578,154.90142604282923,160.9028560093471,-0.011105884774887609,0.04494102939440784
2024-04-29,194.0500030517578,198.8699951171875,184.5399932861328,188.4199981689453,243869700,183.27999877929688,161.20428466796875,162.12928444998605,0.1530691710339953,0.06091445958511838
2024-04-30,183.27999877929688,190.9499969482422,182.83999633789062,186.97999572753906,127031800,179.99000549316406,166.37999834333147,162.95214189801897,-0.05550118063944742,0.06255364970495757
2024-05-01,179.99000549316406,185.86000061035156,179.00999450683594,182.0,92829700,180.00999450683594,171.7999986921038,163.33714185442244,-0.017950640048260635,0.06280097846145194
2024-05-02,180.00999450683594,184.60000610351562,176.02000427246094,182.86000061035156,89148000,181.19000244140625,176.8471418108259,163.97714124407088,0.0001110562423569661,0.062430669196690394
2024-05-03,181.19000244140625,184.77999877929688,178.4199981689453,182.10000610351562,75491500,184.75999450683594,179.56999860491072,165.38499886648995,0.006555235656792835,0.059892035699996626
2024-05-06,184.75999450683594,187.55999755859375,182.1999969482422,183.8000030517578,84390300,177.80999755859375,181.6528560093471,167.35999843052454,0.019703030064167848,0.058973301572819124
2024-05-07,177.80999755859375,183.25999450683594,177.39999389648438,182.39999389648438,75045900,174.72000122070312,183.01285661969865,168.95714133126395,-0.03761635178001177,0.06024029806338764
2024-05-08,174.72000122070312,176.05999755859375,170.14999389648438,171.58999633789062,79969500,171.97000122070312,180.25142778669084,170.7278562273298,-0.017378079862311324,0.059346234125948215
2024-05-09,171.97000122070312,175.6199951171875,171.3699951171875,175.00999450683594,65950300,168.47000122070312,178.6357138497489,172.50785609654017,-0.01573946875450305,0.05921058314463549
2024-05-10,168.47000122070312,173.05999755859375,167.75,173.0500030517578,72627200,171.88999938964844,176.98999895368303,174.39499882289343,-0.02035238689978358,0.05848898323528271
2024-05-13,171.88999938964844,175.39999389648438,169.0,170.0,67018900,177.5500030517578,175.82999965122767,176.33857073102678,0.020300339194899042,0.058502107251178
2024-05-14,177.5500030517578,179.49000549316406,174.07000732421875,174.5,86407400,173.99000549316406,175.30999973842077,177.43999917166573,0.03292805679333921,0.05031826397831833
2024-05-15,173.99000549316406,180.0,173.11000061035156,179.89999389648438,79663000,174.83999633789062,173.77142987932478,177.71214294433594,-0.02005067585133169,0.049277082084169185
2024-05-16,174.83999633789062,175.7899932861328,171.42999267578125,174.10000610351562,59812200,177.4600067138672,173.3471439906529,178.18000030517578,0.004885285464054867,0.0491190070900377
2024-05-17,177.4600067138672,179.6300048828125,172.75,173.5500030517578,77445800,174.9499969482422,173.7385733468192,176.995000566755,0.014985188920464187,0.024560776873919953
2024-05-20,174.9499969482422,177.75,173.52000427246094,177.55999755859375,61727400,186.60000610351562,174.16428702218192,176.4000004359654,-0.014144086952910362,0.02027203587387138
2024-05-21,186.60000610351562,186.8800048828125,174.7100067138672,175.50999450683594,115266500,180.11000061035156,176.75428771972656,176.8721433367048,0.06659050790792542,0.02699361956617319
2024-05-22,180.11000061035156,183.8000030517578,178.1199951171875,182.85000610351562,88313500,173.74000549316406,177.92857360839844,176.87928662981307,-0.03478030697150003,0.028821034820298554
2024-05-23,173.74000549316406,181.89999389648438,173.25999450683594,181.8000030517578,71975500,179.24000549316406,177.38428824288505,176.3471439906529,-0.03536724832380789,0.030275739170764267
2024-05-24,179.24000549316406,180.0800018310547,173.72999572753906,174.83999633789062,65584500,176.75,178.13428824288505,175.9528590611049,0.03165649721483632,0.031109385276430132
2024-05-28,176.75,178.25,173.16000366210938,176.39999389648438,59736600,176.19000244140625,178.40714590890067,175.87714494977678,-0.01389201861667555,0.02961384311969373
2024-05-29,176.19000244140625,178.14999389648438,173.92999267578125,174.19000244140625,54782600,178.7899932861328,178.22571672712053,175.98214503696985,-0.0031683030189180172,0.029214171320684806
2024-05-30,178.7899932861328,182.6699981689453,175.3800048828125,178.5800018310547,77618400,178.0800018310547,178.7742876325335,176.4692873273577,0.014756744473008343,0.0290070776898203
2024-05-31,178.0800018310547,180.32000732421875,173.82000732421875,178.5,67314600,176.2899932861328,177.55714416503906,177.1557159423828,-0.003971091681523098,0.028307294440382172
2024-06-03,176.2899932861328,182.63999938964844,174.49000549316406,178.1300048828125,68568900,174.77000427246094,177.0114288330078,177.47000122070312,-0.0100517100545634,0.028152590512068768
2024-06-04,174.77000427246094,177.75999450683594,174.0,174.77999877929688,60056300,175.0,177.15857151576452,177.27142987932478,-0.008622094682395387,0.026819146014746897
2024-06-05,175.0,176.14999389648438,172.1300048828125,175.35000610351562,57953800,177.94000244140625,176.5528564453125,177.34357234409876,0.0013159908560766986,0.02624098898866363
2024-06-06,177.94000244140625,179.72999572753906,172.72999572753906,174.60000610351562,69887000,177.47999572753906,176.72285679408483,177.56500135149275,0.01680001395089281,0.026577242710010884
2024-06-07,177.47999572753906,179.35000610351562,175.5800018310547,176.1300048828125,56244900,173.7899932861328,176.90714154924666,177.5664291381836,-0.0025851787543875737,0.026308986808860613
2024-06-10,173.7899932861328,178.57000732421875,173.1699981689453,176.05999755859375,50774600,170.66000366210938,176.19285583496094,177.4835717337472,-0.020791089307163446,0.026647966313156683
2024-06-11,170.66000366210938,174.75,167.41000366210938,173.9199981689453,64761900,177.2899932861328,175.13285609654017,176.34500013078963,-0.018010183238054034,0.018779751479646094
2024-06-12,177.2899932861328,180.5500030517578,169.8000030517578,171.1199951171875,90389400,182.47000122070312,175.27571323939733,176.14357103620256,0.03884911216309472,0.020398405711352787
2024-06-13,182.47000122070312,191.0800018310547,181.22999572753906,188.38999938964844,118984100,178.00999450683594,176.37571280343192,176.76714215959822,0.029217711832219218,0.01928492744456082
2024-06-14,178.00999450683594,186.0,176.9199981689453,185.8000030517578,82038200,187.44000244140625,176.8057120186942,176.67928423200334,-0.024442410719736185,0.01884772616312348
2024-06-17,187.44000244140625,188.80999755859375,177.0,177.9199981689453,109786100,184.86000061035156,178.16285487583704,177.44285583496094,0.052974598199923895,0.023131595141280905
2024-06-18,184.86000061035156,187.1999969482422,182.3699951171875,186.55999755859375,68982300,181.57000732421875,179.2171412876674,178.06214141845703,-0.013764414198944475,0.02356918346285858
2024-06-20,181.57000732421875,185.2100067138672,179.66000366210938,184.67999267578125,55893100,183.00999450683594,180.32857186453683,178.2607138497489,-0.017797215597047833,0.02399549341897906
2024-06-21,183.00999450683594,183.9499969482422,180.69000244140625,182.3000030517578,61937300,182.5800018310547,182.09285627092635,178.61285618373327,0.00793075466503601,0.02400269986294329
2024-06-24,182.5800018310547,188.8000030517578,182.5500030517578,184.97000122070312,61992100,187.35000610351562,182.84857177734375,179.06214250837053,-0.0023495584322592578,0.023787189801277787
2024-06-25,187.35000610351562,187.97000122070312,182.00999450683594,184.39999389648438,62905700,196.3699951171875,183.54571533203125,179.96071406773157,0.026125557150967316,0.024314482031795193
2024-06-26,196.3699951171875,197.75999450683594,186.36000061035156,186.5399932861328,95737100,197.4199981689453,186.16857256208147,181.48714229038782,0.04814512260377568,0.026823601932411213
2024-06-27,197.4199981689453,198.72000122070312,194.0500030517578,195.1699981689453,72746500,197.8800048828125,187.5942862374442,182.87857055664062,0.0053470646120412635,0.026728530046335023
2024-06-28,197.8800048828125,203.1999969482422,195.25999450683594,199.5500030517578,95438100,209.86000061035156,189.45428684779577,184.33571406773157,0.002330091774560339,0.026614013437143123
2024-07-01,209.86000061035156,213.22999572753906,200.85000610351562,201.02000427246094,135691400,231.25999450683594,193.49571446010046,186.91214316231864,0.060541719385108106,0.028617730822836723
2024-07-02,231.25999450683594,231.3000030517578,218.05999755859375,218.88999938964844,205047900,246.38999938964844,200.3885716029576,191.24071393694197,0.10197271435359379,0.03546222107698591
2024-07-03,246.38999938964844,248.35000610351562,234.25,234.55999755859375,166561500,251.52000427246094,209.50428553989954,196.17642865862166,0.06542422054051067,0.03707875346272804
2024-07-05,251.52000427246094,252.3699951171875,242.4600067138672,249.80999755859375,154501200,252.94000244140625,218.67142813546317,201.1085717337472,0.02082067005771515,0.03706280883860047
2024-07-08,252.94000244140625,259.44000244140625,244.57000732421875,247.7100067138672,157219600,262.3299865722656,226.7528577532087,206.4607151576451,0.005645666924397386,0.034856636084743105
2024-07-09,262.3299865722656,265.6099853515625,250.3000030517578,251.0,160210900,263.260009765625,236.02571323939733,211.80999973842077,0.03712336538398886,0.03416192253963168
2024-07-10,263.260009765625,267.5899963378906,257.8599853515625,262.79998779296875,128519400,241.02999877929688,245.36571393694197,217.41000039236886,0.003545241645880992,0.03294972627145905
2024-07-11,241.02999877929688,271.0,239.64999389648438,263.29998779296875,221707300,248.22999572753906,249.81857081821985,221.65714263916016,-0.08444127539962887,0.04304148283802275
2024-07-12,248.22999572753906,251.83999633789062,233.08999633789062,235.8000030517578,155955800,252.63999938964844,252.24285670689173,226.31571415492468,0.029871787680814776,0.04291662201209465
2024-07-15,252.63999938964844,265.6000061035156,251.72999572753906,255.97000122070312,146912900,256.55999755859375,253.1357138497489,231.31999969482422,0.01776579679334911,0.042340398610338975
2024-07-16,256.55999755859375,258.6199951171875,245.8000030517578,255.30999755859375,126332500,248.5,253.855712890625,236.26357051304407,0.015516142251486675,0.0424001379002156
2024-07-17,248.5,258.4700012207031,246.17999267578125,252.72999572753906,115584800,249.22999572753906,253.22142682756697,239.98714229038782,-0.031415644041518975,0.0441450016699825
2024-07-18,249.22999572753906,257.1400146484375,247.1999969482422,251.08999633789062,110869000,239.1999969482422,251.3499995640346,243.68785640171595,0.002937608561525362,0.04420219919853523
2024-07-19,239.1999969482422,249.44000244140625,236.8300018310547,247.7899932861328,87403900,251.50999450683594,247.91285487583704,246.63928440638952,-0.040243947162209914,0.04673218451506478
2024-07-22,251.50999450683594,253.2100067138672,243.75,244.2100067138672,101225400,246.3800048828125,249.40999712262834,249.6142839704241,0.05146320115237035,0.04610513909765989
2024-07-23,246.3800048828125,255.75999450683594,245.6300048828125,253.60000610351562,111928200,215.99000549316406,249.14571271623885,250.6942847115653,-0.020396762498772203,0.03923105537522658
2024-07-24,215.99000549316406,225.99000549316406,214.7100067138672,225.4199981689453,167942900,220.25,243.90999930245536,248.52285657610213,-0.12334604589403697,0.04834317989137366
2024-07-25,220.25,226.0,216.22999572753906,216.8000030517578,100636500,219.8000030517578,238.72285679408483,246.2892848423549,0.01972310939623889,0.048293317512320896
2024-07-26,219.8000030517578,222.27999877929688,215.3300018310547,221.19000244140625,94604100,232.10000610351562,234.62285723005022,243.9221420288086,-0.0020431189477511102,0.048166031859181356
2024-07-29,232.10000610351562,234.27000427246094,224.6999969482422,224.89999389648438,129201800,222.6199951171875,232.17571585518974,241.76285770961218,0.055959976710561854,0.049785009976335365
2024-07-30,222.6199951171875,232.41000366210938,220.0,232.25,100560300,232.07000732421875,229.80714416503906,238.85999952043807,-0.04084450985365373,0.05043622578001731
2024-07-31,232.07000732421875,234.67999267578125,226.7899932861328,227.89999389648438,67497000,216.86000061035156,227.0300031389509,238.22000013078963,0.04244907202543402,0.04747548347580806
2024-08-01,216.86000061035156,231.8699951171875,214.3300018310547,227.69000244140625,83861900,207.6699981689453,222.81285967145647,235.97928619384766,-0.06554059651757449,0.04941650550580107
2024-08-02,207.6699981689453,216.1300048828125,205.77999877929688,214.8800048828125,82880100,198.8800048828125,221.62428719656808,232.76714324951172,-0.042377581921705376,0.049578038924167456
2024-08-05,198.8800048828125,203.8800048828125,182.0,185.22000122070312,100308800,200.63999938964844,218.57143075125558,228.6471437726702,-0.04232673647438423,0.04945347865848405
2024-08-06,200.63999938964844,202.89999389648438,192.6699981689453,200.75,73783900,191.75999450683594,215.83428737095423,225.22857230050224,0.008849529684359148,0.04971185710037575
2024-08-07,191.75999450683594,203.49000549316406,191.47999572753906,200.77000427246094,71159800,198.83999633789062,210.07142857142858,221.12357221330916,-0.044258397676563366,0.05007521394916998
2024-08-08,198.83999633789062,200.6999969482422,192.0399932861328,195.6999969482422,65033900,200.0,206.67428588867188,218.24071502685547,0.036921162045623124,0.051585717614118426
2024-08-09,200.0,200.8800048828125,195.11000061035156,197.0500030517578,58648300,197.49000549316406,202.09285627092635,214.5614297049386,0.005833854775063374,0.04863555532153996
2024-08-12,197.49000549316406,199.25999450683594,194.6699981689453,199.02000427246094,64044900,207.8300018310547,199.32571411132812,211.0692868913923,-0.012549972534179665,0.04861502598152983
2024-08-13,207.8300018310547,208.49000549316406,197.05999755859375,198.47000122070312,76247400,201.3800048828125,199.34857177734375,210.48642948695593,0.05235706137163754,0.04034044865522859
2024-08-14,201.3800048828125,208.44000244140625,198.75,207.38999938964844,70250000,214.13999938964844,199.7057146344866,209.1385726928711,-0.0310349655555765,0.040519501638108114
2024-08-15,214.13999938964844,215.8800048828125,204.82000732421875,205.02000427246094,89848500,216.1199951171875,201.63428606305803,208.73428671700614,0.06336276788880446,0.044534647903614916
2024-08-16,216.1199951171875,219.8000030517578,210.8000030517578,211.14999389648438,88765100,222.72000122070312,205.1142861502511,207.59285736083984,0.009246267550119258,0.04159638861248202
2024-08-19,222.72000122070312,222.97999572753906,214.08999633789062,217.07000732421875,76435200,221.10000610351562,208.52571541922433,207.60000065394811,0.030538618603692225,0.04114206911195706
2024-08-20,221.10000610351562,228.22000122070312,219.55999755859375,224.8800048828125,74001200,223.27000427246094,211.54000200544084,206.8164291381836,-0.007273684933137958,0.03938036323055032
2024-08-21,223.27000427246094,224.66000366210938,218.86000061035156,222.6699981689453,70146000,210.66000366210938,215.22285897391183,207.27428654262,0.009814554993405888,0.03504668945827721
2024-08-22,210.66000366210938,224.8000030517578,210.32000732421875,223.82000732421875,79514500,220.32000732421875,215.62714494977678,207.48785836356026,-0.056478704568676985,0.03660815202591182
2024-08-23,220.32000732421875,221.47999572753906,214.2100067138672,214.4600067138672,81525200,213.2100067138672,218.3328595842634,209.019287109375,0.04585589810206048,0.036042760791111655
2024-08-26,213.2100067138672,219.08999633789062,211.00999450683594,218.75,59301200,209.2100067138672,218.20000348772322,209.91714477539062,-0.0322712435275504,0.037604751951616416
2024-08-27,209.2100067138672,215.66000366210938,206.94000244140625,213.25,62821400,205.75,217.2128622872489,211.16357421875,-0.018760845523390857,0.03559931509846343
2024-08-28,205.75,211.83999633789062,202.58999633789062,209.72000122070312,64116400,206.27999877929688,214.78857639857702,211.65714590890067,-0.01653843794670573,0.03498467993474421
2024-08-29,206.27999877929688,214.88999938964844,205.97000122070312,209.8000030517578,62308800,214.11000061035156,212.6714324951172,212.105717250279,0.002575935743848623,0.03497526579824741
2024-08-30,214.11000061035156,214.57000732421875,207.02999877929688,208.6300048828125,63370600,210.60000610351562,211.36286054338728,213.29285975864954,0.03795812428442069,0.03586655486846206
2024-09-03,210.60000610351562,219.89999389648438,209.63999938964844,215.25999450683594,76714200,219.41000366210938,211.35428946358817,213.4907172066825,-0.016393416920415627,0.03373055766636949
2024-09-04,219.41000366210938,222.22000122070312,210.57000732421875,210.58999633789062,80651800,230.1699981689453,211.2242889404297,214.77857426234655,0.04183284569452206,0.03395003171663667
2024-09-05,230.1699981689453,235.0,222.25,223.49000549316406,119355000,210.72999572753906,213.6471448625837,215.92357417515345,0.04904058305110959,0.03228548915508794
2024-09-06,210.72999572753906,233.60000610351562,210.50999450683594,232.60000610351562,112177000,216.27000427246094,213.8642861502511,215.53857421875,-0.0844593239607937,0.040221282628718824
2024-09-09,216.27000427246094,219.8699951171875,213.6699981689453,216.1999969482422,67443500,226.1699981689453,215.36714390345983,215.07786015101843,0.026289605928169646,0.03997997543785261
2024-09-10,226.1699981689453,226.39999389648438,218.63999938964844,220.07000732421875,78891100,228.1300048828125,218.2085723876953,215.44000244140625,0.04577608406578748,0.04184517357776393
2024-09-11,228.1300048828125,228.47000122070312,216.8000030517578,224.5500030517578,83548600,229.80999755859375,220.211430140904,215.78714534214564,0.008666077418469476,0.04183073983313664
2024-09-12,229.80999755859375,231.4499969482422,223.8300018310547,224.66000366210938,71894900,230.2899932861328,222.9557146344866,217.1550020490374,0.007364189890953776,0.038249150073547414
2024-09-13,230.2899932861328,232.6699981689453,226.32000732421875,228.0,59515100,226.77999877929688,224.50999886648995,217.86714390345983,0.0020886633855721204,0.036574296393411435
2024-09-16,226.77999877929688,229.9600067138672,223.52999877929688,229.3000030517578,54323000,227.8699951171875,224.02571323939733,218.83642905099052,-0.015241628421408637,0.03555130528831322
2024-09-17,227.8699951171875,234.57000732421875,226.5500030517578,229.4499969482422,66761600,227.1999969482422,226.47428458077567,220.1692853655134,0.004806404196833203,0.03489077244873819
2024-09-18,227.1999969482422,235.67999267578125,226.8800048828125,230.08999633789062,78010200,243.9199981689453,228.03571210588728,221.70142800467355,-0.0029402649901351108,0.03437969713614703
2024-09-19,243.9199981689453,244.24000549316406,232.1300048828125,234.0,102694600,238.25,230.57142639160156,224.38999938964844,0.07359155565707187,0.03855581583941466
2024-09-20,238.25,243.99000549316406,235.9199981689453,241.52000427246094,99879100,250.0,232.0171399797712,226.1142850603376,-0.02324531900421767,0.03894449749064141
2024-09-23,250.0,250.0,241.9199981689453,242.61000061035156,86927200,254.27000427246094,234.90142604282923,228.92857033865792,0.04931794333683115,0.03968324333870779
2024-09-24,254.27000427246094,257.19000244140625,249.0500030517578,254.0800018310547,88491000,257.0199890136719,238.32714189801897,231.41857038225447,0.017080017089843746,0.03884541802100228
2024-09-25,257.0199890136719,257.04998779296875,252.27999877929688,252.5399932861328,65034300,254.22000122070312,242.6471405029297,233.3364268711635,0.010815214909361437,0.0373009804055015
2024-09-26,254.22000122070312,261.75,251.52999877929688,260.6000061035156,67142200,260.4599914550781,246.4114270891462,236.44285583496094,-0.01089404681602335,0.026927678000519244
2024-09-27,260.4599914550781,260.70001220703125,254.1199951171875,257.3800048828125,70988100,261.6300048828125,251.16285487583704,239.59928349086218,0.024545630573566513,0.026869524364058126
2024-09-30,261.6300048828125,264.8599853515625,255.77000427246094,259.0400085449219,80705700,258.0199890136719,253.69285583496094,242.13214111328125,0.004492104223754234,0.02529728979862731
2024-10-01,258.0199890136719,263.9800109863281,248.52999877929688,262.6700134277344,87397600,249.02000427246094,256.51713997977123,244.2671399797712,-0.013798172234708361,0.02613785922018699
2024-10-02,249.02000427246094,251.16000366210938,241.5,247.5500030517578,93983900,240.66000366210938,256.3771405901228,245.639283316476,-0.03488095932262847,0.028674285721897903
2024-10-03,240.66000366210938,249.7899932861328,237.80999755859375,244.47999572753906,80729200,250.0800018310547,254.43285478864397,246.37999834333147,-0.03357160254966751,0.03058081459074194
2024-10-04,250.0800018310547,250.9600067138672,244.5800018310547,246.69000244140625,86573200,240.8300018310547,253.4414280482701,248.0442842755999,0.03914235030998814,0.03144827817297783
2024-10-07,240.8300018310547,249.8300018310547,240.6999969482422,249.0,68113300,244.5,251.52857099260603,248.9699990408761,-0.03698816351676526,0.03362791465136981
2024-10-08,244.5,246.2100067138672,240.55999755859375,243.55999755859375,56303200,241.0500030517578,249.24857221330916,250.20571354457311,0.015238957526229946,0.033670467186432906
2024-10-09,241.0500030517578,247.42999267578125,239.50999450683594,243.82000732421875,66289500,238.77000427246094,246.3085719517299,250.00071389334542,-0.014110416966225725,0.02771418749427389
2024-10-10,238.77000427246094,242.7899932861328,232.33999633789062,241.80999755859375,83087100,217.8000030517578,243.55857413155692,250.03785705566406,-0.009458613360014412,0.027081129257896075
2024-10-11,217.8000030517578,223.33999633789062,214.3800048828125,220.1300048828125,142628900,219.16000366210938,239.09857395717077,247.73785727364677,-0.08782510719719305,0.032353053103358356
2024-10-14,219.16000366210938,221.91000366210938,213.74000549316406,220.1300048828125,86291900,219.57000732421875,236.0271453857422,245.23000008719308,0.00624426350457119,0.03179824971574264
2024-10-15,219.57000732421875,224.25999450683594,217.1199951171875,220.00999450683594,62988800,221.3300018310547,231.6685747419085,242.55500139508928,0.0018707960177875016,0.03143401052956122
2024-10-16,221.3300018310547,222.82000732421875,218.92999267578125,221.39999389648438,49632800,220.88999938964844,228.8828604561942,240.2057157244001,0.008015641700267029,0.03182944810972839
2024-10-17,220.88999938964844,222.0800018310547,217.89999389648438,221.58999633789062,50791800,220.6999969482422,225.51000322614397,237.37928771972656,-0.001987992760882462,0.030413536329650062
2024-10-18,220.6999969482422,222.27999877929688,219.22999572753906,220.7100067138672,49611900,218.85000610351562,222.6028594970703,234.4557157244001,-0.0008601676940163117,0.03023342606575693
2024-10-21,218.85000610351562,220.47999572753906,215.72999572753906,218.89999389648438,47329000,217.97000122070312,219.75714547293526,231.6578598022461,-0.008382378207102636,0.030238344369451553
2024-10-22,217.97000122070312,218.22000122070312,215.25999450683594,217.30999755859375,43268700,213.64999389648438,219.78143092564173,229.44000244140625,-0.004021041161846095,0.02949927535980076
2024-10-23,213.64999389648438,218.72000122070312,212.11000061035156,217.1300048828125,80938900,260.4800109863281,218.9942866734096,227.5107160295759,-0.019819274670942355,0.028841530733187945
2024-10-24,260.4800109863281,262.1199951171875,242.64999389648438,244.67999267578125,204491900,269.19000244140625,224.8385729108538,228.25357382638114,0.21919035070290427,0.0667461218023657
2024-10-25,269.19000244140625,269.489990234375,255.32000732421875,256.010009765625,161611900,262.510009765625,231.67571585518974,230.27928815569197,0.03343823359841336,0.06600474346234152
2024-10-28,262.510009765625,273.5400085449219,262.239990234375,270.0,107653600,259.5199890136719,237.6214316231864,231.56571742466517,-0.024815158866218545,0.06661720657041675
2024-10-29,259.5199890136719,264.9800109863281,255.50999450683594,264.510009765625,80521800,257.54998779296875,243.16714477539062,232.88500213623047,-0.01139012091242797,0.06655495094114541
2024-10-30,257.54998779296875,263.3500061035156,255.82000732421875,258.0400085449219,53993600,249.85000610351562,248.69571358816964,234.22642953055245,-0.007590942139718337,0.06652094700952883
2024-10-31,249.85000610351562,259.75,249.25,257.989990234375,66575300,248.97999572753906,253.25,236.51571546282088,-0.029897037679701755,0.061782320335163385
2024-11-01,248.97999572753906,254.0,246.6300048828125,252.0399932861328,57544800,242.83999633789062,258.2971431187221,238.64571489606584,-0.003482130697311625,0.06189967336753686
2024-11-04,242.83999633789062,248.89999389648438,238.8800048828125,244.55999755859375,68802400,251.44000244140625,255.77714102608817,240.307856968471,-0.024660613282231236,0.06259412574830175
2024-11-05,251.44000244140625,255.27999877929688,246.2100067138672,247.33999633789062,69282500,288.5299987792969,253.2414267403739,242.45857129778182,0.03541429020427711,0.06299346792114896
2024-11-06,288.5299987792969,289.5899963378906,275.6199951171875,284.6700134277344,165228700,296.9100036621094,256.95856802804127,247.28999982561385,0.14751032444224466,0.07259870578499569
2024-11-07,296.9100036621094,299.75,285.5199890136719,288.8900146484375,117309200,321.2200012207031,262.29999869210377,252.7335717337472,0.02904379065700735,0.07233046815094817
2024-11-08,321.2200012207031,328.7099914550781,297.6600036621094,299.1400146484375,204782800,350.0,271.39571489606584,260.04571424211775,0.08187665372925301,0.07327590755447794
2024-11-11,350.0,358.6400146484375,336.0,346.29998779296875,210521600,328.489990234375,285.7028568812779,269.4764284406389,0.08959591143118995,0.07419269647436764
2024-11-12,328.489990234375,345.8399963378906,323.30999755859375,342.739990234375,155726000,330.239990234375,297.0614275251116,277.67928532191684,-0.06145717075892854,0.07739978614300595
2024-11-13,330.239990234375,344.6000061035156,322.5,335.8500061035156,125405600,311.17999267578125,309.5471409388951,282.6621409824916,0.005327407385385952,0.056186954063213515
2024-11-14,311.17999267578125,329.9800109863281,310.3699951171875,327.69000244140625,120726100,320.7200012207031,318.08142525809154,285.6614259992327,-0.05771559508909463,0.05950545994242612
2024-11-15,320.7200012207031,324.67999267578125,309.2200012207031,310.57000732421875,114440300,338.739990234375,322.6799970354353,289.8192825317383,0.030657525449785616,0.05870824076584827
2024-11-18,338.739990234375,348.54998779296875,330.010009765625,340.7300109863281,126085600,346.0,328.6557094029018,295.4778540475028,0.056186046847983784,0.059064812839200405
2024-11-19,346.0,347.3800048828125,332.75,335.760009765625,88852500,342.0299987792969,332.1957092285156,301.79571206229076,0.021432396454288627,0.058499366910369534
2024-11-20,342.0299987792969,346.6000061035156,334.29998779296875,345.0,66340700,339.6400146484375,331.057137625558,308.37999725341797,-0.011473991967350106,0.05741891241607257
2024-11-21,339.6400146484375,347.989990234375,335.2799987792969,343.80999755859375,58011700,352.55999755859375,332.6499982561384,314.855712890625,-0.006987644766217049,0.05755621172081441
2024-11-22,352.55999755859375,361.5299987792969,337.70001220703125,341.0899963378906,89140700,338.5899963378906,335.8385707310268,322.69285583496094,0.038040225983177356,0.05590169179170986
2024-11-25,338.5899963378906,361.92999267578125,338.20001220703125,360.1400146484375,95890900,338.2300109863281,339.75428553989957,328.9178553989955,-0.039624464821427674,0.05870349827706164
2024-11-26,338.2300109863281,346.9599914550781,335.6600036621094,341.0,62295900,332.8900146484375,342.2557155064174,332.46785627092635,-0.001063189566898104,0.04666372085877896
2024-11-27,332.8900146484375,342.54998779296875,326.5899963378906,341.79998779296875,57896400,345.1600036621094,341.42000470842635,335.03785705566406,-0.015788061864523528,0.04697220762682297
2024-11-29,345.1600036621094,345.45001220703125,334.6499938964844,336.0799865722656,37167600,357.0899963378906,341.3000052315848,336.7478572300502,0.03685898787510977,0.04298724322928641
2024-12-02,357.0899963378906,360.0,351.1499938964844,352.3800048828125,77986500,351.4200134277344,343.45143345424106,337.25428553989957,0.034563659025395044,0.036830098484608415
2024-12-03,351.4200134277344,355.69000244140625,348.20001220703125,351.79998779296875,58267200,357.92999267578125,345.13429042271207,338.8921443394252,-0.01587830229999254,0.03254835157266995
2024-12-04,357.92999267578125,358.1000061035156,348.6000061035156,353.0,50810900,369.489990234375,345.9014325823103,340.87000165666853,0.018524782309774723,0.032739013702206936
2024-12-05,369.489990234375,375.42999267578125,359.5,359.8699951171875,81403600,389.2200012207031,350.3157174246652,345.0350014822824,0.03229681165351517,0.02765039887297953
2024-12-06,389.2200012207031,389.489990234375,370.79998779296875,377.4200134277344,81455800,389.7900085449219,357.6000017438616,349.9278586251395,0.053397958017247005,0.02939933547715204
2024-12-09,389.7900085449219,404.79998779296875,378.010009765625,397.6099853515625,96359200,400.989990234375,365.7285723005022,353.5742885044643,0.0014644862094215227,0.0269398502695976
2024-12-10,400.989990234375,409.7300109863281,390.8500061035156,392.67999267578125,97563600,424.7699890136719,373.70428466796875,357.5021449497768,0.02873337295448497,0.027238607470003055
2024-12-11,424.7699890136719,424.8800048828125,402.3800048828125,409.70001220703125,104287600,418.1000061035156,383.3728550502232,363.41214425223217,0.05930322291934931,0.029253541377327982
2024-12-12,418.1000061035156,429.29998779296875,415.0,424.8399963378906,87752200,436.2300109863281,392.8985682896205,369.01642935616627,-0.015702575706076027,0.02986637609078974
2024-12-13,436.2300109863281,436.29998779296875,415.7099914550781,420.0,89000200,463.0199890136719,404.0842851911272,374.99285888671875,0.04336284290396253,0.03020912031786003
2024-12-16,463.0199890136719,463.19000244140625,436.1499938964844,441.0899963378906,114083800,479.8599853515625,417.44571358816967,383.8807155064174,0.06141250567967771,0.02794770875639648
2024-12-17,479.8599853515625,483.989990234375,457.510009765625,475.8999938964844,131223000,440.1300048828125,430.39428274972096,393.99714224679127,0.036369912179738284,0.027254276447987034
2024-12-18,440.1300048828125,488.5400085449219,427.010009765625,466.5,149340800,436.1700134277344,437.58571079799106,401.65714154924666,-0.0827949436951747,0.03860759178863871
2024-12-19,436.1700134277344,456.3599853515625,420.0199890136719,451.8800048828125,118566100,421.05999755859375,442.6114283970424,408.1578565325056,-0.008997322180141931,0.03908723779603514
2024-12-20,421.05999755859375,447.0799865722656,417.6400146484375,425.510009765625,132216200,430.6000061035156,442.0814296177455,412.7271423339844,-0.034642491239586515,0.04109797559370508
2024-12-23,430.6000061035156,434.510009765625,415.4100036621094,431.0,72698100,462.2799987792969,443.8671439034598,418.3828560965402,0.022657123925894362,0.040324787348856056
2024-12-24,462.2799987792969,462.7799987792969,435.1400146484375,435.8999938964844,59551800,454.1300048828125,447.5885707310268,425.836427961077,0.07357174228224572,0.043233340307481036
2024-12-26,454.1300048828125,465.3299865722656,451.0199890136719,465.1600036621094,76366400,431.6600036621094,446.3185729980469,431.88214329310824,-0.017629994630971146,0.04413013970851851
2024-12-27,431.6600036621094,450.0,426.5,449.5199890136719,82666800,417.4100036621094,439.432861328125,434.913572038923,-0.04947922616674816,0.045908512183012735
2024-12-30,417.4100036621094,427.0,415.75,419.3999938964844,64941000,403.8399963378906,436.18714686802457,436.8864288330078,-0.03301209257078741,0.047215372425008256
2024-12-31,403.8399963378906,427.92999267578125,402.5400085449219,423.7900085449219,76825100,379.2799987792969,431.5685729980469,437.09000069754467,-0.03251001941775111,0.0477748517660177
2025-01-02,379.2799987792969,392.7300109863281,373.0400085449219,390.1000061035156,109710700,410.44000244140625,425.6000017438616,433.84071568080356,-0.06081615932376483,0.047392582243541606
2025-01-03,410.44000244140625,411.8800048828125,379.45001220703125,381.4800109863281,95423300,411.04998779296875,422.7200012207031,433.29357256208147,0.08215567328200035,0.052908241985815
2025-01-06,411.04998779296875,426.42999267578125,401.70001220703125,423.20001220703125,85516500,394.3599853515625,415.40142822265625,431.49499947684154,0.0014861742226248698,0.05142969053947144
2025-01-07,394.3599853515625,414.3299865722656,390.0,405.8299865722656,75699500,394.94000244140625,406.86285400390625,426.59071350097656,-0.040603340073111505,0.04875645703434261
2025-01-08,394.94000244140625,402.5,387.3999938964844,392.95001220703125,73038800,394.739990234375,401.6171395438058,420.5250004359654,0.0014707807875757872,0.04704886768661486
2025-01-10,394.739990234375,399.2799987792969,377.2900085449219,391.3999938964844,62287300,403.30999755859375,398.3785661969866,417.2828565325056,-0.0005064369418008585,0.042556982978983186
2025-01-13,403.30999755859375,403.7900085449219,380.07000732421875,383.2099914550781,67580500,396.3599853515625,398.30285208565846,414.9357125418527,0.021710512074366584,0.04322765068537611
2025-01-14,396.3599853515625,422.6400146484375,394.5400085449219,414.3399963378906,84565000,428.2200012207031,400.7428501674107,413.17142595563615,-0.017232432245921525,0.042545821865239836
2025-01-15,428.2200012207031,429.79998779296875,405.6600036621094,409.8999938964844,81375500,413.82000732421875,403.28284999302457,413.00142560686385,0.08038151439752794,0.04775228806880282
2025-01-16,413.82000732421875,424.0,409.1300048828125,423.489990234375,68335200,426.5,403.6785670689174,409.53999764578685,-0.03362756026209679,0.04356997347214654
2025-01-17,426.5,439.739990234375,419.75,421.5,94991400,424.07000732421875,408.2699977329799,407.5664258684431,0.030641323404759335,0.04456400328445553
2025-01-21,424.07000732421875,433.20001220703125,406.30999755859375,432.6400146484375,87320900,415.1099853515625,412.4314270019531,407.0242832728795,-0.00569752092797482,0.04258662235958949
2025-01-22,415.1099853515625,428.0,414.5899963378906,416.80999755859375,60963300,412.3800048828125,415.34142630440846,406.8599962506975,-0.021128638710367298,0.04200188293508401
2025-01-23,412.3800048828125,420.7300109863281,408.95001220703125,416.05999755859375,50690600,406.5799865722656,416.6371416364397,407.4699968610491,-0.006576523247056931,0.04099827461758337
2025-01-24,406.5799865722656,418.8800048828125,405.7799987792969,414.45001220703125,56427100,397.1499938964844,418.0971418108259,409.4199959891183,-0.014064741844588391,0.03719265750714816
2025-01-27,397.1499938964844,406.69000244140625,389.0,394.79998779296875,58125500,398.0899963378906,413.6585693359375,408.47070966448103,-0.023193450212053546,0.030582168438764493
2025-01-28,398.0899963378906,400.5899963378906,386.5,396.9100036621094,48910700,389.1000061035156,411.4114249093192,407.5449959891183,0.0023668700890153715,0.03059062798345822
2025-01-29,389.1000061035156,398.5899963378906,384.4800109863281,395.2099914550781,68033600,400.2799987792969,406.06856863839283,407.16928318568637,-0.02258280870425211,0.029181748845520022
2025-01-30,400.2799987792969,412.5,384.4100036621094,410.7799987792969,98092900,404.6000061035156,402.6699959891183,407.5507114955357,0.028732954254456988,0.03021984706431454
2025-01-31,404.6000061035156,419.989990234375,401.3399963378906,401.5299987792969,83283600,383.67999267578125,401.1685703822545,408.25499834333147,0.010792463618949588,0.030316512884227778
2025-02-03,383.67999267578125,389.1700134277344,374.3599853515625,386.67999267578125,93732100,392.2099914550781,397.06856863839283,406.85285513741627,-0.05170542044525339,0.032916453458267395
2025-02-04,392.2099914550781,394.0,381.3999938964844,382.6300048828125,57072200,378.1700134277344,395.01571219308033,406.5564270019531,0.022232065633156273,0.03329737417057931
2025-02-05,378.1700134277344,388.3900146484375,375.5299987792969,387.510009765625,57223300,374.32000732421875,392.30428641183033,402.98142787388394,-0.035797094243459227,0.02513428097075849
2025-02-06,374.32000732421875,375.3999938964844,363.17999267578125,373.0299987792969,77918200,361.6199951171875,388.90857369559154,400.15999930245533,-0.010180622383618276,0.024093911711940388
2025-02-07,361.6199951171875,380.54998779296875,360.3399963378906,370.19000244140625,70298300,350.7300109863281,384.9828578404018,395.5257132393973,-0.0339282217314959,0.022487835354779738
2025-02-10,350.7300109863281,362.70001220703125,350.510009765625,356.2099914550781,77514900,328.5,377.904288155692,390.2871420724051,-0.030114441341470455,0.022946960495162746
2025-02-11,328.5,349.3699951171875,325.1000061035156,345.79998779296875,118543400,336.510009765625,367.0328587123326,384.10071454729353,-0.06338211812502892,0.02656063731042833
2025-02-12,336.510009765625,346.3999938964844,329.1199951171875,329.94000244140625,105382700,355.94000244140625,360.2942897251674,378.6814291817801,0.0243835913717656,0.02863521996784132
2025-02-13,355.94000244140625,358.69000244140625,342.8500061035156,345.0,89441500,355.8399963378906,355.1128627232143,375.0642874581473,0.05773971683431944,0.034465718447577905
2025-02-14,355.8399963378906,362.0,347.5,360.6199951171875,68277300,354.1099853515625,351.922860281808,372.1135733468192,-0.0002809633725618932,0.03427840832332576
2025-02-18,354.1099853515625,359.1000061035156,350.0199890136719,355.010009765625,51631700,360.55999755859375,349.0357142857143,368.9721439906529,-0.004861766535893763,0.034176438527752484
2025-02-19,360.55999755859375,367.3399963378906,353.6700134277344,354.0,67094400,354.3999938964844,348.884286063058,366.9335719517299,0.018214714280444966,0.03455461712478124
2025-02-20,354.3999938964844,362.29998779296875,348.0,361.510009765625,45965400,337.79998779296875,349.4085693359375,363.6564287458147,-0.01708454543992588,0.03327338238664783
2025-02-21,337.79998779296875,354.9800109863281,334.4200134277344,353.44000244140625,74058600,330.5299987792969,350.7371390206473,358.88499886649,-0.046839747148427646,0.03430004919132682
2025-02-24,330.5299987792969,342.3999938964844,324.70001220703125,338.1400146484375,76052300,302.79998779296875,349.88285173688615,355.0885707310268,-0.021521578674915554,0.03253284959733936
2025-02-25,302.79998779296875,328.8900146484375,297.25,327.0199890136719,134228800,290.79998779296875,342.29142107282365,348.70214189801897,-0.0838955952220366,0.036537257121401275
2025-02-26,290.79998779296875,309.0,288.0400085449219,303.7099914550781,100118300,281.95001220703125,332.999991280692,342.46142578125,-0.039630120487999076,0.03669745181269796
2025-02-27,281.95001220703125,297.2300109863281,280.8800048828125,291.1600036621094,101748200,292.9800109863281,322.69142368861606,335.8635689871652,-0.030433204805490277,0.0367664895056706
2025-02-28,292.9800109863281,293.8800048828125,273.6000061035156,279.5,115697000,284.6499938964844,313.0371398925781,330.9607129778181,0.03912040539724382,0.03961919501258793
2025-03-03,284.6499938964844,303.94000244140625,277.29998779296875,300.3399963378906,115551400,272.0400085449219,303.0728541782924,326.240711757115,-0.02843203214376444,0.039569681065288034
2025-03-04,272.0400085449219,284.3500061035156,261.8399963378906,270.92999267578125,126706600,279.1000061035156,293.67857142857144,322.2078552246094,-0.04429996705409467,0.03803927431250934
2025-03-05,279.1000061035156,279.54998779296875,267.7099914550781,272.9200134277344,94042900,263.45001220703125,286.3314296177455,318.10714067731584,0.025952056083059283,0.03815902027591707
2025-03-06,263.45001220703125,272.6499938964844,260.0199890136719,272.05999755859375,98451600,262.6700134277344,280.7100045340402,311.5007128034319,-0.056073068986891905,0.033910322393939166
2025-03-07,262.6700134277344,266.25,250.72999572753906,259.32000732421875,102369600,222.14999389648438,276.6914367675781,304.845714024135,-0.0029607088371812473,0.03379344542749669
2025-03-10,222.14999389648438,253.3699951171875,220.0,252.5399932861328,189076900,230.5800018310547,268.14857700892856,295.4200003487723,-0.1542620682219512,0.048656378121092546
2025-03-11,230.5800018310547,237.05999755859375,217.02000427246094,225.30999755859375,174896400,248.08999633789062,259.23428998674666,286.13571493966236,0.037947369642955975,0.05046214221151798
2025-03-12,248.08999633789062,251.83999633789062,241.10000610351562,247.22000122070312,142215700,240.67999267578125,254.01143319266183,278.54214368547713,0.0759389121683911,0.05789497921041481
2025-03-13,240.67999267578125,248.2899932861328,232.60000610351562,248.1300048828125,114813500,249.97999572753906,249.53143092564173,271.6050011771066,-0.02986820819658198,0.057545936494604474
2025-03-14,249.97999572753906,251.5800018310547,240.72999572753906,247.30999755859375,100242300,238.00999450683594,245.37142944335938,265.8514295305525,0.038640532386444715,0.05981151983396155
2025-03-17,238.00999450683594,245.39999389648438,232.8000030517578,245.05999755859375,111900600,225.30999755859375,241.73714120047433,261.22357286725725,-0.04788383640805238,0.05748975193540149
2025-03-18,225.30999755859375,230.10000610351562,222.27999877929688,228.16000366210938,111477600,235.86000061035156,236.3999960763114,256.54571642194475,-0.05335909096824687,0.05804838712564233
2025-03-19,235.86000061035156,241.41000366210938,229.1999969482422,231.61000061035156,111993800,236.25999450683594,238.3585684640067,253.25357273646765,0.046824389357219776,0.06024511997586063
2025-03-20,236.25999450683594,238.0,230.0500030517578,233.35000610351562,99028300,248.7100067138672,239.1699959891183,249.2021429879325,0.0016958954271570903,0.0586640532924006
2025-03-21,248.7100067138672,249.52000427246094,234.5500030517578,234.99000549316406,132728700,278.3900146484375,239.2585688999721,246.63500104631697,0.05269623506518384,0.061042975351556505
2025-03-24,278.3900146484375,278.6400146484375,256.3299865722656,258.0799865722656,169079900,288.1400146484375,244.64571489606584,247.0885729108538,0.11933580126800525,0.06869969391481646
2025-03-25,288.1400146484375,288.20001220703125,271.2799987792969,283.6000061035156,150361500,272.05999755859375,250.0971461704799,247.73428780691964,0.03502280788451673,0.06896590621179646
2025-03-26,272.05999755859375,284.8999938964844,266.510009765625,282.6600036621094,153629800,273.1300048828125,254.96143232073103,248.34928676060267,-0.05580626179068926,0.06894789995477837
2025-03-27,273.1300048828125,291.8500061035156,271.82000732421875,272.4800109863281,162572100,263.54998779296875,261.79286193847656,249.09642900739397,0.0039329829222258805,0.06891459903207547
2025-03-28,263.54998779296875,276.1000061035156,260.57000732421875,275.5799865722656,123809400,259.1600036621094,265.74857439313615,252.05357142857142,-0.03507493471452938,0.0533149062900932
2025-03-31,259.1600036621094,260.55999755859375,243.36000061035156,249.30999755859375,134008900,268.4599914550781,269.02000427246094,254.09500013078963,-0.016657121359109794,0.053391994489791116
2025-04-01,268.4599914550781,277.45001220703125,259.25,263.79998779296875,146486900,282.760009765625,271.8414306640625,255.5499997820173,0.035885119854736525,0.050566459642464597
2025-04-02,282.760009765625,284.989990234375,251.27000427246094,254.60000610351562,212787800,267.2799987792969,272.46571568080356,258.5557152884347,0.05326685079977622,0.0508083249999355
2025-04-03,267.2799987792969,276.29998779296875,261.510009765625,265.2900085449219,136174300,239.42999267578125,269.48571341378346,259.7914297921317,-0.05474611137253549,0.05322090908053475
2025-04-04,239.42999267578125,261.0,236.0,255.3800048828125,181229400,233.2899932861328,264.8242841448103,259.89285823277066,-0.10419786826814681,0.05938449862049927
2025-04-07,233.2899932861328,252.0,214.25,223.77999877929688,183453800,221.86000061035156,259.13285391671315,260.4628579275949,-0.025644236634809525,0.05783678029108105
2025-04-08,221.86000061035156,250.44000244140625,217.8000030517578,245.0,171603500,272.20001220703125,253.17714146205358,259.4628579275949,-0.048994783337158565,0.05805317526937481
2025-04-09,272.20001220703125,274.69000244140625,223.8800048828125,224.69000244140625,219433400,252.39999389648438,255.03999982561385,262.03000204903736,0.22689989839624536,0.08455047576482168
2025-04-10,252.39999389648438,262.489990234375,239.3300018310547,260.0,181722600,252.30999755859375,252.74571446010046,262.29357256208147,-0.07274069589492627,0.0866718756868802
2025-04-11,252.30999755859375,257.739990234375,241.36000061035156,251.83999633789062,128948100,252.35000610351562,248.39571271623885,260.43071419852123,-0.00035656236159631316,0.08010864664895014
2025-04-14,252.35000610351562,261.79998779296875,245.92999267578125,258.3599853515625,100135200,254.11000061035156,246.26285661969865,257.87428501674106,0.00015856900364230597,0.07933271603125844
2025-04-15,254.11000061035156,258.75,247.5399932861328,249.91000366210938,79594300,241.5500030517578,248.36000061035156,256.5921423775809,0.0069744183248166,0.07810955856610959
2025-04-16,241.5500030517578,251.97000122070312,233.88999938964844,247.61000061035156,112378700,241.3699951171875,249.54000200544084,254.33642796107702,-0.049427403598542585,0.0790812653450223
2025-04-17,241.3699951171875,244.33999633789062,237.67999267578125,243.47000122070312,83404800,227.5,252.327144077846,252.75214276994978,-0.0007452201709629014,0.07864295982428385
2025-04-21,227.5,232.2100067138672,222.7899932861328,230.25999450683594,97768000,237.97000122070312,245.9414280482701,250.49071393694197,-0.05746362595919796,0.07991033150564252
2025-04-22,237.97000122070312,242.7899932861328,229.85000610351562,230.9600067138672,120858500,250.74000549316406,243.8800005231585,248.31285749162947,0.04602198338770602,0.08036862444821473
2025-04-23,250.74000549316406,259.45001220703125,244.42999267578125,254.86000061035156,150381900,259.510009765625,243.6557159423828,246.02571432931083,0.0536622440095611,0.08039103862473088
2025-04-24,259.510009765625,259.5400085449219,249.1999969482422,250.5,94464200,284.95001220703125,244.67857360839844,245.47071511404855,0.0349764859229853,0.0797590793395669
2025-04-25,284.95001220703125,286.8500061035156,259.6300048828125,261.69000244140625,167560700,285.8800048828125,249.08428955078125,248.7221450805664,0.09803091011549903,0.0775925047796638
2025-04-28,285.8800048828125,294.8599853515625,272.4200134277344,288.9800109863281,151731800,292.0299987792969,255.41714695521765,252.47857448032923,0.0032637046356942534,0.07680558428141485
2025-04-29,292.0299987792969,293.32000732421875,279.4700012207031,285.5,108906600,282.1600036621094,262.65429033551897,257.49071720668246,0.021512501019458785,0.07440816131413178
2025-04-30,282.1600036621094,284.45001220703125,270.7799987792969,279.8999938964844,128961100,280.5199890136719,270.46286228724887,258.2021451677595,-0.03379788089732105,0.046701537900147944
2025-05-01,280.5199890136719,290.8699951171875,279.80999755859375,280.010009765625,99659000,287.2099914550781,276.54143197195873,260.2107162475586,-0.005812356915055328,0.041414723601655636
2025-05-02,287.2099914550781,294.7799987792969,279.80999755859375,284.8999938964844,114454700,280.260009765625,281.75142996651783,262.70357295445035,0.023848576584252656,0.04152806807068529
2025-05-05,280.260009765625,284.8500061035156,274.3999938964844,284.57000732421875,94618900,275.3500061035156,284.71571568080356,264.697144644601,-0.024198258752220814,0.0424753530633068
2025-05-06,275.3500061035156,277.7300109863281,271.3500061035156,273.1099853515625,76715800,276.2200012207031,283.3442862374442,266.2142878941127,-0.017519458684867262,0.043036940703677744
2025-05-07,276.2200012207031,277.9200134277344,271.0,276.8800048828125,71592600,284.82000732421875,281.9642857142857,268.6907163347517,0.003159597232260225,0.03995566283721511
2025-05-08,284.82000732421875,289.79998779296875,279.4100036621094,279.6300048828125,97539400,298.260009765625,280.93428693498885,271.7942886352539,0.031134624811778533,0.04018231382991547
2025-05-09,298.260009765625,307.0400085449219,290.0,290.2099914550781,132387800,318.3800048828125,283.23428780691967,276.84857504708424,0.04718770485146129,0.03561427183137865
2025-05-12,318.3800048828125,322.2099914550781,311.5,321.989990234375,112826700,334.07000732421875,288.64286150251115,282.59214673723494,0.06745790403815088,0.03723798480171187
2025-05-13,334.07000732421875,337.5899963378906,316.79998779296875,320.0,136992600,347.67999267578125,295.337149483817,288.5442897251674,0.049280740626853614,0.0369655340714115
2025-05-14,347.67999267578125,350.0,337.0,342.5,136997300,342.82000732421875,304.9685756138393,294.84214564732144,0.04073991993646375,0.037160859646155106
2025-05-15,342.82000732421875,346.1400146484375,334.7200012207031,340.3399963378906,97882600,349.9800109863281,314.6071472167969,298.9757167271205,-0.013978329078298546,0.03102143571659026
2025-05-16,349.9800109863281,351.6199951171875,342.3299865722656,346.239990234375,95895700,342.0899963378906,325.14429146902904,303.5542885916574,0.0208856061756566,0.030921256325803913
2025-05-19,342.0899963378906,343.0,333.3699951171875,336.29998779296875,88869900,343.82000732421875,333.32571847098217,307.1300027029855,-0.022544186527114873,0.03241260490692883
2025-05-20,343.82000732421875,354.989990234375,341.6300048828125,347.8699951171875,131715500,334.6199951171875,339.83428955078125,311.53428867885043,0.005057180873010214,0.029758498032780738
2025-05-21,334.6199951171875,347.3500061035156,332.20001220703125,344.42999267578125,102354800,341.0400085449219,342.154288155692,315.39857482910156,-0.026758222357769146,0.03134888365627718
2025-05-22,341.0400085449219,347.2699890136719,331.3900146484375,331.8999938964844,97113400,339.3399963378906,343.1500026157924,319.2435760498047,0.019185982671137136,0.031250812203046416
2025-05-23,339.3399963378906,343.17999267578125,333.2099914550781,337.9200134277344,84654800,362.8900146484375,341.9585745675223,323.4635750906808,-0.004984788190348977,0.029893826592750368
2025-05-27,362.8900146484375,363.7900085449219,347.32000732421875,347.3500061035156,120146400,356.8999938964844,344.82571847098217,329.7164328438895,0.06939947711644767,0.03177409332318115
2025-05-28,356.8999938964844,365.0,355.9100036621094,364.8399963378906,91404300,358.42999267578125,345.8142874581473,335.47928946358815,-0.016506435862546853,0.03300452048379218
2025-05-29,358.42999267578125,367.7099914550781,356.0,365.2900085449219,88087800,346.4599914550781,348.14857264927457,340.73714556012834,0.004286911755287504,0.033023209326267934
2025-05-30,346.4599914550781,363.67999267578125,345.2900085449219,355.5199890136719,123474900,342.69000244140625,348.5257132393973,344.1800013950893,-0.03339564619395741,0.034361961873865775
2025-06-02,342.69000244140625,348.0199890136719,333.3299865722656,343.5,81873800,344.2699890136719,349.67857142857144,345.9164297921317,-0.01088145559849063,0.0306955225167097
2025-06-03,344.2699890136719,355.3999938964844,343.0400085449219,346.6000061035156,99324500,332.04998779296875,350.13999720982144,346.6449999128069,0.004610541775392996,0.02802208923030904
2025-06-04,332.04998779296875,345.6000061035156,327.3299865722656,345.1000061035156,98912100,284.70001220703125,349.0985674176897,345.52857099260603,-0.03549540073392177,0.027422036895804167
2025-06-05,284.70001220703125,324.54998779296875,273.2099914550781,322.489990234375,287499800,295.1400146484375,337.9285670689174,341.3771427699498,-0.14259893789082123,0.046390861005859055
2025-06-06,295.1400146484375,305.5,291.1400146484375,298.8299865722656,164747700,308.5799865722656,329.105712890625,337.46000017438615,0.036670186138995975,0.04743489892627326
2025-06-09,308.5799865722656,309.8299865722656,281.8500061035156,285.9599914550781,140908900,326.0899963378906,321.9842834472656,335.0664280482701,0.04553761352840424,0.04960041738946274
2025-06-10,326.0899963378906,327.8299865722656,310.6700134277344,314.94000244140625,151256500,326.42999267578125,319.0742841448103,333.79999869210377,0.05674382827003055,0.05234512152310644
2025-06-11,326.42999267578125,335.5,322.5,334.3999938964844,122611400,319.1099853515625,316.75142560686385,333.2149985177176,0.0010426457165473302,0.05187692826827485
2025-06-12,319.1099853515625,332.55999755859375,316.8599853515625,323.0799865722656,105127500,325.30999755859375,313.15713936941967,331.6485682896205,-0.022424432461661592,0.05185699741524315
2025-06-13,325.30999755859375,332.989990234375,313.29998779296875,313.9700012207031,128964300,329.1300048828125,312.1942836216518,330.64642551967074,0.019429076154419578,0.05220992258626265
2025-06-16,329.1300048828125,332.04998779296875,326.4100036621094,331.2900085449219,83925900,316.3500061035156,318.5414254324777,328.2349962506975,0.011742668079331553,0.04829899084213193
2025-06-17,316.3500061035156,327.260009765625,314.739990234375,326.0899963378906,88282700,322.04998779296875,321.57142421177457,325.3385685511998,-0.03882963749794621,0.04904229993453489
2025-06-18,322.04998779296875,329.32000732421875,315.45001220703125,317.30999755859375,95137700,322.1600036621094,323.49571010044644,322.73999677385603,0.0180179597897272,0.04942971733401698
2025-06-20,322.1600036621094,332.3599853515625,317.7799987792969,327.95001220703125,108688000,348.67999267578125,322.9342825753348,321.0042833600725,0.0003416111576173275,0.0488320181349519
2025-06-23,348.67999267578125,357.5400085449219,327.4800109863281,327.5400085449219,190716800,340.4700012207031,326.11285400390625,321.432139805385,0.0823193093872907,0.05391147928631551
2025-06-24,340.4700012207031,356.260009765625,340.44000244140625,356.1700134277344,114736200,327.54998779296875,329.1642848423549,321.1607121058873,-0.023545920693855638,0.05435609229613991
2025-06-25,327.54998779296875,343.0,320.3999938964844,342.70001220703125,119845100,325.7799987792969,329.4842834472656,320.83928353445873,-0.037947582404945,0.05448528631171752
2025-06-26,325.7799987792969,331.04998779296875,323.6099853515625,324.6099853515625,80440900,323.6300048828125,329.0057111467634,323.7735682896205,-0.0054037218123500486,0.035965064730317756
2025-06-27,323.6300048828125,329.3399963378906,317.5,324.510009765625,89067000,317.6600036621094,330.0457109723772,325.8085675920759,-0.006599526995335614,0.03537563272771535
2025-06-30,317.6600036621094,325.5799865722656,316.6000061035156,319.8999938964844,76695100,300.7099914550781,329.4185703822545,326.45714024135043,-0.018446995428822777,0.03414988143526419
2025-07-01,300.7099914550781,305.8900146484375,293.2099914550781,298.4599914550781,145085700,315.6499938964844,326.35428292410717,324.64428274972096,-0.05335897504131726,0.03339202562397959
2025-07-02,315.6499938964844,316.8299865722656,303.82000732421875,312.6300048828125,119483700,315.3500061035156,321.6357116699219,323.87428283691406,0.04968242780731846,0.036485485638717376
2025-07-03,315.3500061035156,318.45001220703125,312.760009765625,317.989990234375,58042300,293.94000244140625,318.0471409388951,323.605712890625,-0.0009503811144286889,0.03599931016983969
2025-07-07,293.94000244140625,296.1499938964844,288.7699890136719,291.3699951171875,131177900,297.80999755859375,313.24571446010043,321.364998953683,-0.06789282780315342,0.03970116209454213
2025-07-08,297.80999755859375,304.04998779296875,294.3500061035156,297.0,103246700,295.8800048828125,309.25,319.1278555733817,0.013165935514200422,0.039753231907394534
2025-07-09,295.8800048828125,300.1499938964844,293.54998779296875,297.54998779296875,75586800,309.8699951171875,305.2857142857143,317.66571262904574,-0.0064806174796113725,0.03864735030363844
2025-07-10,309.8699951171875,310.4800109863281,300.0,300.04998779296875,104365300,313.510009765625,304.17285592215404,316.79571315220426,0.0472826483827995,0.040672776961676545
2025-07-11,313.510009765625,314.0899963378906,305.6499938964844,307.8900146484375,79236400,316.8999938964844,306.00142996651783,316.1778564453125,0.01174690904506881,0.04083692298873091
2025-07-14,316.8999938964844,322.6000061035156,312.6700134277344,317.7300109863281,78043400,310.7799987792969,306.1800013950893,313.9078565325056,0.010813001260769006,0.033382289428628475
2025-07-15,310.7799987792969,321.20001220703125,310.5,319.67999267578125,77556300,321.6700134277344,305.5271432059152,311.7871420724051,-0.01931207079538977,0.03323269489420643
2025-07-16,321.6700134277344,323.5,312.6199951171875,312.79998779296875,97284800,319.4100036621094,309.4885733468192,311.3671439034598,0.03504091219258654,0.033555272597732465
2025-07-17,319.4100036621094,324.3399963378906,317.05999755859375,323.1499938964844,73922900,329.6499938964844,312.5742885044643,310.91214425223217,-0.007025863995037018,0.03357531615346865
2025-07-18,329.6499938964844,330.8999938964844,321.4200134277344,321.6600036621094,94255000,328.489990234375,317.39857264927457,311.3421434674944,0.03205907804067243,0.03464160464953113
2025-07-21,328.489990234375,338.0,326.8800048828125,334.3999938964844,75768800,332.1099853515625,320.0585719517299,312.115713936942,-0.0035188948387289143,0.034194654167003666
2025-07-22,332.1099853515625,335.4100036621094,321.54998779296875,329.739990234375,77370400,332.55999755859375,322.71571132114957,314.35857064383373,0.0110201078413521,0.030127157823786225
2025-07-23,332.55999755859375,336.20001220703125,328.6700134277344,330.8999938964844,92553800,305.29998779296875,324.9528547014509,315.5664280482701,0.0013550095657464123,0.02758946947134757
2025-07-24,305.29998779296875,310.1499938964844,300.4100036621094,310.0,156966000,316.05999755859375,324.1699959891183,314.84856959751676,-0.08197020076301287,0.03595713504355467
2025-07-25,316.05999755859375,323.6300048828125,308.010009765625,308.739990234375,148227000,325.5899963378906,323.36856515066967,316.4285692487444,0.03524405566934252,0.031659546039884176
2025-07-28,325.5899963378906,330.489990234375,315.69000244140625,318.45001220703125,112673800,321.20001220703125,324.2514212472098,318.41285487583707,0.030152499060024596,0.03228806102730573
2025-07-29,321.20001220703125,326.25,318.25,325.54998779296875,87358900,319.0400085449219,323.0442810058594,320.221426827567,-0.013483166498468035,0.03256411664745289
2025-07-30,319.0400085449219,324.45001220703125,311.6199951171875,322.17999267578125,83931900,308.2699890136719,321.6942836216518,320.87642778669084,-0.006724793213012448,0.0304788654653691
2025-07-31,308.2699890136719,321.3699951171875,306.1000061035156,319.6099853515625,85270900,302.6300048828125,318.28856985909596,320.5021405901228,-0.03375758288237862,0.0318171179768062
2025-08-01,302.6300048828125,309.30999755859375,297.82000732421875,306.2099914550781,89121400,309.260009765625,314.01285661969865,319.4828556605748,-0.01829559909125389,0.031956136131206826
2025-08-04,309.260009765625,312.1199951171875,303.0,309.0799865722656,78683900,308.7200012207031,314.57857404436385,319.37428501674106,0.021907956170373222,0.03221573730642919
2025-08-05,308.7200012207031,312.45001220703125,305.5,308.95001220703125,57961300,319.9100036621094,313.5300031389509,318.4492841448103,-0.0017461311772288823,0.03061064128910145
2025-08-06,319.9100036621094,320.4700012207031,306.92999267578125,307.8900146484375,78523600,322.2699890136719,312.7185756138393,318.48499843052457,0.03624644466558724,0.032257215702482696
2025-08-07,322.2699890136719,322.3999938964844,316.1600036621094,319.7900085449219,66658700,329.6499938964844,312.8714294433594,317.9578552246094,0.007377028928595486,0.031058154611143127
2025-08-08,329.6499938964844,335.1499938964844,320.9800109863281,321.42999267578125,91200300,339.0299987792969,314.3871416364397,318.04071262904574,0.02290006868278205,0.03169956117311595
2025-08-11,339.0299987792969,346.6400146484375,334.1499938964844,335.0,105320200,340.8399963378906,318.7814287458147,318.53499930245533,0.02845443669493286,0.03246802103954544
2025-08-12,340.8399963378906,345.260009765625,332.94000244140625,345.0,80522100,339.3800048828125,324.239998953683,319.12642778669084,0.005338753399730889,0.03247961754840544
2025-08-13,339.3800048828125,348.9800109863281,338.20001220703125,341.5,67838900,335.5799865722656,328.5428553989955,321.5607147216797,-0.004283509772223915,0.021893086211417393
2025-08-14,335.5799865722656,340.4700012207031,330.3999938964844,335.760009765625,75000700,330.55999755859375,332.3799961635045,322.9549996512277,-0.011196942235471519,0.020912845389851414
2025-08-15,330.55999755859375,339.29998779296875,327.0199890136719,337.6600036621094,74319800,335.1600036621094,333.9014238630022,323.30999973842074,-0.014959143019665277,0.02011514175700393
2025-08-18,335.1600036621094,336.2699890136719,329.5899963378906,329.6199951171875,56956600,329.30999755859375,335.7428545270647,324.30714198521207,0.013915797850586165,0.019901088516888883
2025-08-19,329.30999755859375,340.54998779296875,327.8500061035156,335.7900085449219,75956000,323.8999938964844,335.6942836216518,325.04071262904574,-0.017454368181154756,0.02051106460559713
2025-08-20,323.8999938964844,331.3699951171875,314.6000061035156,329.2200012207031,77481800,320.1099853515625,333.53285435267856,326.15714154924666,-0.016428300696053943,0.01859018658240769
2025-08-21,320.1099853515625,324.8999938964844,318.67999267578125,322.0799865722656,55744400,340.010009765625,330.57142421177457,327.40571158272877,-0.011701168929731831,0.01806620532877911
2025-08-22,340.010009765625,340.25,319.69000244140625,321.6600036621094,94016300,346.6000061035156,330.6614249093192,329.6021401541574,0.062166209505171155,0.02349509326531778
2025-08-25,346.6000061035156,349.5299987792969,335.0299987792969,338.8999938964844,86670000,351.6700134277344,332.23571341378346,332.30785478864397,0.019381771561470362,0.023565427503462025
2025-08-26,351.6700134277344,351.8999938964844,343.7200012207031,344.92999267578125,76651600,349.6000061035156,335.25142996651783,334.57642691476,0.01462783391499567,0.022284734315268832
2025-08-27,349.6000061035156,355.3900146484375,349.1600036621094,351.94000244140625,65519000,345.9800109863281,337.3142874581473,336.52857099260603,-0.0058862207330171445,0.02254829280650483
2025-08-28,345.9800109863281,353.54998779296875,340.260009765625,350.9100036621094,67903200,333.8699951171875,339.69571794782365,337.6950007847377,-0.010354676927882056,0.02238914801015144
2025-08-29,333.8699951171875,348.75,331.70001220703125,347.2300109863281,81145700,329.3599853515625,341.1200038364955,337.32642909458707,-0.03500206799409333,0.02339029775739886
2025-09-02,329.3599853515625,333.3299865722656,325.6000061035156,328.2300109863281,58392000,334.0899963378906,342.4414324079241,336.50642830984935,-0.01350828116207925,0.023548819712164507
2025-09-03,334.0899963378906,343.3299865722656,328.510009765625,335.20001220703125,88733300,338.5299987792969,341.59571620396207,336.1285705566406,0.014361219324440011,0.023945291687475535
2025-09-04,338.5299987792969,338.8900146484375,331.4800109863281,336.1499938964844,60711000,350.8399963378906,340.44285801478793,336.3392857142857,0.01328983953448204,0.024026318810425176
2025-09-05,350.8399963378906,355.8699951171875,344.67999267578125,348.0,108989800,346.3999938964844,340.3242841448103,337.78785705566406,0.036363092201525005,0.02530357341576166
2025-09-08,346.3999938964844,358.44000244140625,344.8399963378906,354.6400146484375,75208300,346.9700012207031,339.8671395438058,338.59071350097656,-0.01265534855703887,0.025542821485241302
2025-09-09,346.9700012207031,350.7699890136719,343.82000732421875,348.44000244140625,53816000,347.7900085449219,340.0085667201451,339.8521423339844,0.001645517708609212,0.024887684196398932
2025-09-10,347.7900085449219,356.3299865722656,346.07000732421875,350.54998779296875,72121700,368.80999755859375,341.9971400669643,341.5585719517299,0.0023633378140295314,0.02419709908883015
2025-09-11,368.80999755859375,368.989990234375,347.6000061035156,350.1700134277344,103756000,395.94000244140625,347.6328560965402,345.03714425223217,0.06043873744853956,0.027709796045469085
2025-09-12,395.94000244140625,396.69000244140625,370.239990234375,370.94000244140625,168156400,410.0400085449219,356.4685712541853,349.03214372907365,0.07356092584909457,0.029455911386597408
2025-09-15,410.0400085449219,425.70001220703125,402.42999267578125,423.1300048828125,163823700,421.6199951171875,366.68428693498885,353.5635724748884,0.03561147147692467,0.03010927592085691
2025-09-16,421.6199951171875,423.25,411.42999267578125,414.5,104285700,425.8599853515625,376.79571533203125,358.55999973842074,0.028241113869250656,0.03040203618083647
2025-09-17,425.8599853515625,428.30999755859375,409.6700134277344,415.75,106133500,416.8500061035156,388.1471426827567,364.00714111328125,0.01005642588937583,0.029916264398231213
2025-09-18,416.8500061035156,432.2200012207031,416.55999755859375,428.8699951171875,90454500,426.07000732421875,398.13000052315846,369.0692836216518,-0.021157139806429193,0.030737469927441162
2025-09-19,426.07000732421875,429.4700012207031,421.7200012207031,421.82000732421875,93131000,434.2099914550781,409.3128574916295,375.6549987792969,0.022118270566640064,0.027362888942392166
2025-09-22,434.2099914550781,444.9800109863281,429.1300048828125,431.1099853515625,97108800,425.8500061035156,418.6557137625558,383.144284929548,0.019104804353584193,0.025827619639812574
2025-09-23,425.8500061035156,440.9700012207031,423.7200012207031,439.8800048828125,83422700,442.7900085449219,422.92857142857144,389.69857134137834,-0.019253323313789705,0.027895718893658855
2025-09-24,442.7900085449219,444.2099914550781,429.0299987792969,429.8299865722656,93133600,423.3900146484375,427.60714285714283,397.14571489606584,0.03977927016229388,0.028456246798492544
2025-09-25,423.3900146484375,435.3500061035156,419.0799865722656,435.239990234375,96746400,440.3999938964844,427.86000279017856,402.3278590611049,-0.04381307961359793,0.03261515213024363
2025-09-26,440.3999938964844,440.4700012207031,421.0199890136719,428.29998779296875,101628200,443.2099914550781,429.93714686802457,409.0421447753906,0.0401756741055197,0.032348712285203536
2025-09-29,443.2099914550781,450.9800109863281,439.5,444.3500061035156,79491500,444.7200012207031,433.7028590611049,415.9164297921317,0.00638055766924972,0.03219145393525174
2025-09-30,444.7200012207031,445.0,433.1199951171875,441.5199890136719,74358000,459.4599914550781,436.3671439034598,422.84000069754467,0.0034069849388267404,0.032153358085021254
2025-10-01,459.4599914550781,462.2900085449219,440.75,443.79998779296875,98122300,436.0,439.9742867606027,429.31500026157926,0.033144428390707636,0.030160251079491416
2025-10-02,436.0,470.75,435.57000732421875,470.5400085449219,137009000,429.8299865722656,441.4242858886719,432.17642865862166,-0.051059922281332826,0.03033092505681054
2025-10-03,429.8299865722656,446.7699890136719,416.5799865722656,443.2900085449219,133188200,453.25,439.5728541782924,433.5899985177176,-0.014151406944344913,0.0296713978242023
2025-10-06,453.25,453.54998779296875,436.69000244140625,440.75,85324900,433.0899963378906,443.8385663713728,435.84928458077565,0.054486690457546505,0.03206785690304517
2025-10-07,433.0899963378906,452.67999267578125,432.45001220703125,447.82000732421875,102296100,438.69000244140625,442.7942810058594,436.365713936942,-0.044478772558432134,0.03469701864714106
2025-10-08,438.69000244140625,441.3299865722656,425.2300109863281,437.57000732421875,71192100,435.5400085449219,442.1485682896205,437.9257136753627,0.012930352007360923,0.03415671496090171
2025-10-09,435.5400085449219,436.3500061035156,426.17999267578125,431.80999755859375,69339900,413.489990234375,440.83714076450894,438.6021423339844,-0.007180455170972544,0.03387064408872143
2025-10-10,413.489990234375,443.1300048828125,411.45001220703125,436.5400085449219,112107900,435.8999938964844,434.2699977329799,437.12214224679127,-0.05062684914805626,0.036223895368493006
2025-10-13,435.8999938964844,436.8900146484375,419.70001220703125,423.5299987792969,79552800,429.239990234375,434.2557111467634,437.8399985177176,0.054197209585187034,0.03889033197520461
2025-10-14,429.239990234375,434.20001220703125,417.8599853515625,426.7900085449219,72669400,435.1499938964844,434.17142595563615,436.8721400669643,-0.015278742269702716,0.03757815867159927
